id,first_name,last_name,email,gender,ip_address
1,Elicia,O' Hern,eohern0@barnesandnoble.com,Female,215.223.151.101
2,Glen,Mogie,gmogie1@histats.com,Non-binary,171.78.88.1
3,Jacenta,Goade,jgoade2@ft.com,Female,144.87.90.166
4,Dion,Bourhill,dbourhill3@quantcast.com,Female,131.68.99.127
5,Jody,De Giorgi,jdegiorgi4@archive.org,Female,117.205.183.95
6,Sula,Ineson,sineson5@tiny.cc,Female,249.128.171.253
7,Paton,Curnow,pcurnow6@mtv.com,Male,190.102.188.198
8,Willdon,Lockyear,wlockyear7@example.com,Genderqueer,166.21.201.255
9,Mohandis,Gipson,mgipson8@rakuten.co.jp,Male,74.11.181.116
10,Wood,Prothero,wprothero9@cbsnews.com,Male,1.85.221.16
11,Piggy,Denisard,pdenisarda@e-recht24.de,Male,193.134.6.197
12,Mic,Nesfield,mnesfieldb@hp.com,Male,97.44.17.107
13,Herb,Lindsay,hlindsayc@myspace.com,Agender,42.127.39.42
14,Audrye,Vanderson,avandersond@friendfeed.com,Female,133.210.140.156
15,Kennan,Scintsbury,kscintsburye@amazon.com,Agender,216.179.61.144
16,Carlyn,Spellessy,cspellessyf@tinyurl.com,Female,97.201.160.207
17,Quinta,Stutte,qstutteg@typepad.com,Female,159.5.59.149
18,Humfrey,Bontine,hbontineh@php.net,Male,55.49.29.135
19,Burch,Sailer,bsaileri@cargocollective.com,Male,203.51.114.117
20,Angeli,Drewe,adrewej@who.int,Male,65.207.203.9
21,Riobard,Jozef,rjozefk@oracle.com,Male,43.24.106.231
22,Siegfried,Henriet,shenrietl@blogspot.com,Genderfluid,151.67.244.205
23,Kiley,McKissack,kmckissackm@cpanel.net,Male,100.216.85.133
24,Hershel,Smalles,hsmallesn@fastcompany.com,Non-binary,109.61.211.36
25,Lew,Helliar,lhelliaro@people.com.cn,Male,72.248.96.107
26,Nikolos,Mutlow,nmutlowp@i2i.jp,Male,229.77.124.136
27,Kaela,Earngy,kearngyq@si.edu,Non-binary,224.61.91.240
28,Teodor,Kleinplatz,tkleinplatzr@cpanel.net,Polygender,247.82.44.65
29,Ruttger,Marquet,rmarquets@fda.gov,Male,65.53.166.211
30,Rodi,McKerley,rmckerleyt@google.com,Female,92.197.241.87
31,Barth,Jurzyk,bjurzyku@google.co.jp,Male,218.254.183.13
32,Timi,Gullick,tgullickv@last.fm,Female,175.190.203.58
33,Rita,Vardy,rvardyw@unblog.fr,Female,171.101.9.222
34,Denyse,McGonnell,dmcgonnellx@squarespace.com,Female,40.107.111.89
35,Gus,Manna,gmannay@uol.com.br,Female,28.180.33.233
36,Marthena,Orcas,morcasz@blogs.com,Female,104.91.113.214
37,Carroll,Honack,chonack10@state.gov,Male,140.38.58.135
38,Dew,Dansie,ddansie11@google.cn,Agender,51.91.160.111
39,Joelly,Davidowsky,jdavidowsky12@un.org,Female,180.54.207.167
40,Lucita,Prati,lprati13@digg.com,Female,16.7.59.180
41,Justin,Cozby,jcozby14@people.com.cn,Male,27.72.48.237
42,Gertrud,MacAleese,gmacaleese15@vk.com,Female,66.159.147.151
43,Randy,Gatesman,rgatesman16@mac.com,Male,247.71.182.76
44,Bren,Bartozzi,bbartozzi17@tumblr.com,Female,194.143.185.4
45,Rustin,Hegley,rhegley18@xrea.com,Male,157.131.157.235
46,Andris,Twittey,atwittey19@cornell.edu,Male,11.111.126.134
47,Joli,Poncet,jponcet1a@gov.uk,Female,93.7.187.189
48,Ly,List,llist1b@1und1.de,Male,177.219.159.64
49,Bondie,Nulty,bnulty1c@privacy.gov.au,Male,225.107.162.224
50,Eveline,Vigrass,evigrass1d@163.com,Female,42.80.165.142
51,Nada,Redihalgh,nredihalgh1e@admin.ch,Female,20.130.2.86
52,Natalina,Valentin,nvalentin1f@scientificamerican.com,Female,204.57.124.85
53,Tully,Sharphurst,tsharphurst1g@hexun.com,Male,57.248.129.147
54,Sibbie,Caberas,scaberas1h@wufoo.com,Female,103.76.193.221
55,Celia,Graveney,cgraveney1i@surveymonkey.com,Female,211.150.113.111
56,Rollin,Terbeek,rterbeek1j@auda.org.au,Male,11.173.220.96
57,Enrica,Bosward,ebosward1k@fema.gov,Female,31.12.83.34
58,Marylinda,Pinel,mpinel1l@photobucket.com,Genderqueer,33.167.98.58
59,Vitoria,Thackston,vthackston1m@thetimes.co.uk,Female,67.26.151.10
60,Claire,Pendergrast,cpendergrast1n@flavors.me,Male,230.126.168.187
61,Yehudi,Godart,ygodart1o@jugem.jp,Male,194.16.246.200
62,Caritta,Molson,cmolson1p@indiegogo.com,Female,214.222.71.69
63,Eddi,Gilluley,egilluley1q@archive.org,Female,173.119.93.60
64,Lemar,Grigorio,lgrigorio1r@ehow.com,Male,108.35.104.2
65,Eadie,Brown,ebrown1s@webnode.com,Female,162.148.180.36
66,Broddie,Bauldrey,bbauldrey1t@va.gov,Male,147.117.228.221
67,Isabelle,Norcliff,inorcliff1u@unesco.org,Female,48.253.206.198
68,Ophelia,Marcinkowski,omarcinkowski1v@aol.com,Female,85.63.0.21
69,Nathan,Beers,nbeers1w@adobe.com,Male,87.249.98.253
70,Mattie,Steere,msteere1x@cmu.edu,Female,98.119.4.49
71,Nevsa,Sleet,nsleet1y@github.io,Female,155.243.255.163
72,Hermine,Davison,hdavison1z@about.com,Female,254.220.1.117
73,Shell,McRill,smcrill20@desdev.cn,Male,190.221.167.244
74,Keri,Mc Trusty,kmctrusty21@g.co,Agender,114.64.171.244
75,Dela,Culwen,dculwen22@nydailynews.com,Female,95.164.221.138
76,Mano,Brotherhed,mbrotherhed23@yandex.ru,Polygender,242.208.100.165
77,Neill,Quickenden,nquickenden24@wix.com,Male,192.97.24.248
78,Carolan,Chelam,cchelam25@slideshare.net,Female,41.108.216.37
79,Abbye,Dicker,adicker26@dyndns.org,Female,242.121.21.14
80,Finlay,Littell,flittell27@booking.com,Male,211.114.49.204
81,Christian,Tampling,ctampling28@vistaprint.com,Female,32.87.178.68
82,Faunie,Mc Faul,fmcfaul29@unesco.org,Female,133.14.254.165
83,Adler,Gornar,agornar2a@go.com,Male,177.122.72.56
84,Franky,Dabner,fdabner2b@phpbb.com,Male,221.218.110.118
85,Maia,Chung,mchung2c@howstuffworks.com,Female,68.184.28.187
86,Frederic,Gregorowicz,fgregorowicz2d@livejournal.com,Male,231.174.75.247
87,Niccolo,Looby,nlooby2e@tumblr.com,Male,145.213.108.22
88,Imogen,Cookes,icookes2f@smh.com.au,Female,32.240.136.145
89,Angeli,Josling,ajosling2g@posterous.com,Male,237.234.22.242
90,Vidovik,Menis,vmenis2h@go.com,Male,37.60.95.208
91,Jobi,Bartlam,jbartlam2i@epa.gov,Female,128.116.114.109
92,Rockwell,Volkes,rvolkes2j@nationalgeographic.com,Male,222.29.112.165
93,Fifine,Ewbank,fewbank2k@goo.gl,Female,130.78.97.135
94,Omero,Haberfield,ohaberfield2l@imgur.com,Male,25.161.152.255
95,Byram,Duggon,bduggon2m@netvibes.com,Male,36.252.254.77
96,Hillel,Easseby,heasseby2n@furl.net,Male,43.198.158.224
97,Rori,Jersch,rjersch2o@sitemeter.com,Female,76.159.22.127
98,Marwin,Tomalin,mtomalin2p@smh.com.au,Polygender,144.190.183.242
99,Goddart,Pikesley,gpikesley2q@imdb.com,Male,139.186.108.250
100,Dun,Harrold,dharrold2r@istockphoto.com,Male,117.70.252.221
101,Theo,Diaper,tdiaper2s@elegantthemes.com,Male,110.98.243.201
102,Raf,MacQueen,rmacqueen2t@jigsy.com,Female,228.170.231.112
103,Quinta,Daniely,qdaniely2u@simplemachines.org,Female,185.61.102.207
104,Dwayne,Corzor,dcorzor2v@baidu.com,Male,198.205.18.26
105,Perrine,Romagosa,promagosa2w@shareasale.com,Female,84.163.84.245
106,Licha,Nation,lnation2x@instagram.com,Female,236.136.180.169
107,Elsa,Jamblin,ejamblin2y@unesco.org,Female,10.209.152.250
108,Nealon,Fentem,nfentem2z@people.com.cn,Male,78.170.121.145
109,Greggory,Loudon,gloudon30@networkadvertising.org,Male,129.221.124.182
110,Martie,Brittle,mbrittle31@freewebs.com,Male,100.155.72.182
111,Bronson,Ivell,bivell32@4shared.com,Male,213.166.59.29
112,Josephine,Stoddart,jstoddart33@senate.gov,Female,200.139.120.156
113,El,Denington,edenington34@t-online.de,Male,252.105.242.128
114,Consuelo,Breede,cbreede35@uiuc.edu,Female,54.66.54.141
115,Malanie,Leyre,mleyre36@mlb.com,Female,103.187.147.30
116,Erv,Aylwin,eaylwin37@ovh.net,Male,77.28.193.89
117,Leigh,Lumsdon,llumsdon38@privacy.gov.au,Male,11.4.254.176
118,Michal,Huyge,mhuyge39@cbslocal.com,Male,249.41.49.146
119,Lanae,Bumfrey,lbumfrey3a@youtube.com,Female,111.204.21.207
120,Melony,Swane,mswane3b@dropbox.com,Female,223.89.87.212
121,Yehudit,Stammler,ystammler3c@weather.com,Male,3.138.194.224
122,Branden,Counsell,bcounsell3d@t.co,Male,167.63.141.113
123,Vinson,Koop,vkoop3e@gmpg.org,Male,104.22.227.249
124,Jake,Kiddey,jkiddey3f@archive.org,Male,167.45.116.202
125,Zacharias,Roe,zroe3g@mtv.com,Male,128.59.214.122
126,Marrilee,Bissell,mbissell3h@comcast.net,Female,65.6.238.41
127,Anselma,Carabine,acarabine3i@paypal.com,Female,177.81.52.32
128,Stormy,Llewellen,sllewellen3j@tuttocitta.it,Female,150.98.170.219
129,Eleonora,Ingerman,eingerman3k@yellowpages.com,Female,103.151.109.85
130,Dorree,Matanin,dmatanin3l@mozilla.org,Female,124.206.135.158
131,Caesar,Poundsford,cpoundsford3m@yandex.ru,Male,65.161.3.18
132,Clemmie,MacAndrew,cmacandrew3n@dropbox.com,Polygender,225.115.147.2
133,Willow,McShee,wmcshee3o@unc.edu,Female,46.37.241.122
134,Robbert,Skala,rskala3p@blogs.com,Male,147.57.120.106
135,Devlin,Filmer,dfilmer3q@vinaora.com,Male,154.249.107.47
136,Alasdair,Ficken,aficken3r@biglobe.ne.jp,Male,224.39.92.14
137,Sidonnie,Killock,skillock3s@creativecommons.org,Bigender,19.165.55.160
138,Putnam,Messer,pmesser3t@boston.com,Male,46.254.138.75
139,Margaretta,Billinge,mbillinge3u@sakura.ne.jp,Female,95.165.245.158
140,Madalyn,Mathouse,mmathouse3v@sciencedirect.com,Female,153.157.99.22
141,Ariana,Bruckshaw,abruckshaw3w@reuters.com,Female,103.84.141.123
142,Sammie,Rollin,srollin3x@java.com,Male,224.94.121.246
143,Nicoli,Attreed,nattreed3y@boston.com,Female,51.248.131.88
144,Paolina,Milmoe,pmilmoe3z@vistaprint.com,Non-binary,15.112.56.91
145,Jock,Manser,jmanser40@blog.com,Male,248.167.220.90
146,Franni,Isted,fisted41@arstechnica.com,Female,72.160.236.220
147,Tobin,Driussi,tdriussi42@businessweek.com,Male,234.173.102.71
148,Aleda,Preator,apreator43@state.gov,Female,9.130.108.172
149,Essy,Wilstead,ewilstead44@theatlantic.com,Female,196.167.12.27
150,Korie,Pina,kpina45@forbes.com,Female,19.199.23.7
151,Angil,Fawdrie,afawdrie46@google.com,Female,252.34.129.178
152,Sheelah,Dreghorn,sdreghorn47@cmu.edu,Bigender,190.98.138.69
153,Tamarah,Burnes,tburnes48@cbslocal.com,Female,121.19.55.49
154,Carey,Paylie,cpaylie49@seattletimes.com,Male,218.80.241.56
155,Stepha,Fernyhough,sfernyhough4a@archive.org,Female,122.241.154.120
156,Giulio,Cullingworth,gcullingworth4b@webeden.co.uk,Male,49.132.34.154
157,Cindee,Shurrock,cshurrock4c@angelfire.com,Female,26.220.161.38
158,Ozzie,Cleatherow,ocleatherow4d@cornell.edu,Male,207.145.170.44
159,Arlin,Steynor,asteynor4e@storify.com,Polygender,36.156.174.31
160,Harriett,Balazot,hbalazot4f@topsy.com,Female,65.101.247.212
161,Thea,Balls,tballs4g@e-recht24.de,Female,175.45.19.15
162,Nefen,Prevost,nprevost4h@vinaora.com,Male,78.121.77.72
163,Veriee,Semple,vsemple4i@zimbio.com,Female,212.125.106.109
164,Alanah,McColgan,amccolgan4j@biblegateway.com,Female,199.181.127.63
165,Innis,Espasa,iespasa4k@census.gov,Male,215.114.32.0
166,Dermot,Lapthorn,dlapthorn4l@github.com,Genderfluid,2.33.161.40
167,Valle,Aspy,vaspy4m@com.com,Male,49.241.102.84
168,Nicolai,Britch,nbritch4n@constantcontact.com,Male,62.244.157.25
169,Celestina,Stayte,cstayte4o@dagondesign.com,Female,211.123.49.65
170,Henry,Rosendale,hrosendale4p@ihg.com,Male,75.105.32.166
171,Elwin,Bosse,ebosse4q@spotify.com,Male,54.197.94.217
172,Cherrita,Consadine,cconsadine4r@naver.com,Female,160.65.239.11
173,Salomone,Castledine,scastledine4s@bloglines.com,Male,115.105.227.54
174,Matthias,Tantrum,mtantrum4t@imageshack.us,Bigender,157.112.189.59
175,Quinton,Scotchmore,qscotchmore4u@quantcast.com,Male,250.196.221.34
176,Jeno,Nockells,jnockells4v@goo.gl,Genderqueer,155.177.186.3
177,Cristian,Mahmood,cmahmood4w@unc.edu,Male,62.36.191.252
178,Farrell,Abisetti,fabisetti4x@typepad.com,Male,9.30.28.208
179,Margeaux,Geldard,mgeldard4y@sphinn.com,Female,145.3.220.204
180,Chev,Sachno,csachno4z@dropbox.com,Male,253.189.52.169
181,Ashla,Rantoul,arantoul50@engadget.com,Female,37.206.12.134
182,Ado,Savage,asavage51@yahoo.co.jp,Genderfluid,60.115.87.95
183,Tamiko,Bradburne,tbradburne52@google.com,Agender,137.115.214.47
184,Hermie,Felmingham,hfelmingham53@lulu.com,Male,157.231.129.137
185,Libby,Burtenshaw,lburtenshaw54@yolasite.com,Female,3.218.43.170
186,Regen,Blakeden,rblakeden55@arstechnica.com,Male,11.81.128.39
187,Amble,Sneesbie,asneesbie56@whitehouse.gov,Male,199.185.233.178
188,Putnem,Axtell,paxtell57@oracle.com,Male,17.239.168.80
189,Lenka,Eastcott,leastcott58@blogs.com,Female,175.172.125.222
190,Melisandra,Bridgman,mbridgman59@un.org,Female,219.175.160.175
191,Art,Themann,athemann5a@live.com,Male,194.3.169.52
192,Rodrigo,Cloute,rcloute5b@ifeng.com,Male,73.225.138.209
193,Kristopher,Armand,karmand5c@indiegogo.com,Male,8.245.19.32
194,Gert,Elman,gelman5d@hhs.gov,Agender,160.178.56.56
195,Bobbie,Reedick,breedick5e@weebly.com,Male,248.80.204.209
196,Blondy,Petofi,bpetofi5f@barnesandnoble.com,Female,48.74.74.49
197,Ker,Hubble,khubble5g@tumblr.com,Male,58.168.234.206
198,Morty,Dabourne,mdabourne5h@zdnet.com,Male,110.32.244.165
199,Don,Lowdham,dlowdham5i@google.com,Male,114.132.196.124
200,Camila,De Mattia,cdemattia5j@google.co.uk,Female,40.199.30.7
201,Odelia,O'Riordan,ooriordan5k@elpais.com,Female,40.108.28.75
202,Tammara,Bartalot,tbartalot5l@i2i.jp,Female,4.45.174.116
203,Heindrick,Triner,htriner5m@sohu.com,Male,48.248.51.231
204,Niven,Amber,namber5n@weather.com,Male,62.254.241.71
205,Gonzales,Mariner,gmariner5o@about.com,Male,10.152.217.36
206,Shurlock,Sancto,ssancto5p@wikia.com,Male,30.165.104.108
207,Rickert,Beades,rbeades5q@mayoclinic.com,Male,50.39.218.238
208,Katalin,Janton,kjanton5r@msn.com,Female,248.220.231.224
209,Edita,Basler,ebasler5s@slate.com,Agender,157.205.182.148
210,Sebastiano,Dukesbury,sdukesbury5t@nydailynews.com,Male,58.70.124.179
211,Elladine,Pickering,epickering5u@example.com,Female,27.171.43.168
212,Marla,Southern,msouthern5v@thetimes.co.uk,Female,168.61.234.169
213,Frieda,Valadez,fvaladez5w@studiopress.com,Female,37.178.208.99
214,Lonee,Boerderman,lboerderman5x@deliciousdays.com,Female,36.175.120.27
215,Jennie,Hurran,jhurran5y@pinterest.com,Female,206.216.9.163
216,Rossie,Crosetti,rcrosetti5z@goodreads.com,Male,79.133.198.189
217,Franklin,Grigoli,fgrigoli60@sun.com,Male,221.251.206.100
218,Elisabetta,Robken,erobken61@netlog.com,Female,68.73.223.100
219,Artair,Eykel,aeykel62@multiply.com,Male,212.77.107.99
220,Joseph,Jansens,jjansens63@marketwatch.com,Male,126.37.208.223
221,Kizzee,Arnatt,karnatt64@cyberchimps.com,Female,51.62.200.27
222,Harriott,Canedo,hcanedo65@friendfeed.com,Female,193.142.95.146
223,Lamar,Eggerton,leggerton66@delicious.com,Male,181.104.92.133
224,Cyril,Rubenfeld,crubenfeld67@wikimedia.org,Male,88.197.124.84
225,Mirilla,Yanne,myanne68@devhub.com,Female,26.151.138.23
226,Gino,Broomhead,gbroomhead69@dell.com,Male,182.174.111.136
227,Mathilde,Hutley,mhutley6a@jigsy.com,Non-binary,13.179.108.36
228,Oralle,Lansdale,olansdale6b@shutterfly.com,Female,153.96.190.112
229,Kerianne,Simeons,ksimeons6c@comsenz.com,Female,136.122.255.159
230,Merry,Docker,mdocker6d@homestead.com,Female,79.144.69.168
231,Kale,Allner,kallner6e@nydailynews.com,Male,239.75.141.169
232,Dominga,Laughren,dlaughren6f@w3.org,Female,186.126.250.18
233,Derry,Keeley,dkeeley6g@flavors.me,Male,209.104.102.160
234,Prue,Whittock,pwhittock6h@cnbc.com,Female,35.2.111.24
235,Kynthia,Cottom,kcottom6i@cnn.com,Female,106.87.119.178
236,Jordan,Tarpey,jtarpey6j@patch.com,Female,13.198.214.79
237,Maribel,Sherington,msherington6k@tuttocitta.it,Female,111.237.128.121
238,Venita,Finnigan,vfinnigan6l@answers.com,Female,161.28.250.103
239,Whitman,Meates,wmeates6m@clickbank.net,Male,131.155.102.231
240,Armin,Rother,arother6n@goo.ne.jp,Male,224.61.127.138
241,Odie,Neissen,oneissen6o@ibm.com,Male,63.10.89.161
242,Kial,Leguey,kleguey6p@house.gov,Female,137.133.242.192
243,Kristin,Yvon,kyvon6q@nydailynews.com,Female,122.123.133.215
244,Isiahi,Grigoletti,igrigoletti6r@dagondesign.com,Male,33.250.95.161
245,Brandon,Cackett,bcackett6s@spotify.com,Male,159.122.155.17
246,Tracie,Glazyer,tglazyer6t@dedecms.com,Female,213.245.89.15
247,Kermy,Romushkin,kromushkin6u@sun.com,Male,193.196.122.40
248,Emelita,Luckhurst,eluckhurst6v@senate.gov,Female,173.251.127.132
249,Evey,Skaid,eskaid6w@blog.com,Genderfluid,80.144.64.163
250,Paige,Camilletti,pcamilletti6x@about.com,Female,71.244.141.95
251,Beilul,McGinney,bmcginney6y@unblog.fr,Female,131.61.6.152
252,Jany,Kristufek,jkristufek6z@indiegogo.com,Female,174.129.123.190
253,Faydra,Langston,flangston70@house.gov,Female,236.207.74.6
254,Melinda,Glentworth,mglentworth71@discovery.com,Female,40.73.76.2
255,Pauly,Verman,pverman72@yahoo.co.jp,Male,118.44.152.150
256,Constantine,Wooller,cwooller73@tmall.com,Male,188.198.45.134
257,Vilma,Jellard,vjellard74@amazon.com,Female,227.250.17.108
258,Aryn,Johnstone,ajohnstone75@meetup.com,Female,253.13.122.77
259,Emera,Walsh,ewalsh76@cdbaby.com,Female,49.175.10.239
260,Calvin,Hayto,chayto77@independent.co.uk,Male,136.193.221.147
261,Darryl,Kobpal,dkobpal78@symantec.com,Male,146.139.21.254
262,Jimmy,Wisby,jwisby79@pcworld.com,Male,198.176.113.94
263,Charo,Gyurkovics,cgyurkovics7a@ucla.edu,Female,121.185.104.184
264,Janey,Waycot,jwaycot7b@hp.com,Polygender,184.116.39.214
265,Avictor,St Pierre,astpierre7c@trellian.com,Male,85.197.179.232
266,Jan,Spittle,jspittle7d@ocn.ne.jp,Male,252.189.0.84
267,Lawrence,Blaksley,lblaksley7e@unicef.org,Male,122.178.23.135
268,Myles,Jorat,mjorat7f@cargocollective.com,Agender,87.227.153.187
269,Humphrey,Whitehair,hwhitehair7g@webnode.com,Male,32.84.27.120
270,Haroun,Alleyn,halleyn7h@sina.com.cn,Male,156.122.141.159
271,Silas,Barbrick,sbarbrick7i@aboutads.info,Male,89.37.115.15
272,Margot,Heersma,mheersma7j@amazon.com,Female,132.116.222.75
273,Margaretta,Purdey,mpurdey7k@sbwire.com,Female,32.80.94.124
274,Jacky,Leavy,jleavy7l@mit.edu,Male,63.16.20.172
275,Robb,Heighway,rheighway7m@google.fr,Male,114.16.208.221
276,Melania,Connah,mconnah7n@soundcloud.com,Female,168.111.171.63
277,Nichol,Ianizzi,nianizzi7o@auda.org.au,Female,141.183.117.22
278,Shem,Cadlock,scadlock7p@reverbnation.com,Male,113.109.19.68
279,Hobey,Cary,hcary7q@unicef.org,Genderqueer,151.192.217.147
280,Ragnar,Newport,rnewport7r@wp.com,Agender,110.156.102.102
281,Dirk,Thyng,dthyng7s@facebook.com,Male,211.157.220.184
282,Annadiane,Ingarfield,aingarfield7t@cyberchimps.com,Female,101.93.137.62
283,Abdul,Deppen,adeppen7u@ameblo.jp,Male,106.165.11.76
284,Rosabelle,Server,rserver7v@4shared.com,Female,124.129.45.173
285,Karly,Grimmer,kgrimmer7w@purevolume.com,Female,72.124.33.80
286,Michel,Calton,mcalton7x@yahoo.com,Female,112.49.174.115
287,Pooh,Medcalf,pmedcalf7y@mozilla.com,Female,18.58.129.148
288,Lynett,Heams,lheams7z@scientificamerican.com,Female,169.212.176.246
289,Wandie,Cutten,wcutten80@jimdo.com,Female,111.136.228.161
290,Jocelyn,Burchett,jburchett81@fotki.com,Female,94.93.32.155
291,Binnie,Dickenson,bdickenson82@reverbnation.com,Female,144.248.37.222
292,Marge,Iddenden,middenden83@paginegialle.it,Female,106.233.144.144
293,Marylee,Hagley,mhagley84@sun.com,Female,249.42.150.123
294,Hyatt,Eliaz,heliaz85@mediafire.com,Male,39.197.152.110
295,Iorgos,Harrington,iharrington86@histats.com,Male,108.59.217.1
296,Sybyl,Wawer,swawer87@issuu.com,Genderqueer,31.200.235.96
297,Erina,Ranby,eranby88@skype.com,Female,183.148.53.36
298,Massimo,Arger,marger89@clickbank.net,Male,44.61.0.73
299,Rosmunda,Held,rheld8a@paginegialle.it,Female,61.138.231.136
300,Kimberlyn,Blabie,kblabie8b@edublogs.org,Female,97.162.58.108
301,Antonina,Karpenko,akarpenko8c@woothemes.com,Female,36.0.42.43
302,Falkner,Lowdham,flowdham8d@icio.us,Male,232.53.96.201
303,Gilemette,MacBrearty,gmacbrearty8e@jalbum.net,Genderfluid,21.237.217.195
304,Cris,Ivanikov,civanikov8f@msu.edu,Female,209.122.136.1
305,Imojean,Garrity,igarrity8g@bizjournals.com,Female,14.216.234.50
306,Gussie,Wardel,gwardel8h@patch.com,Female,26.51.155.235
307,Brittney,Fonzone,bfonzone8i@wikipedia.org,Female,127.58.81.14
308,Demetre,Novotna,dnovotna8j@army.mil,Male,121.113.89.135
309,Zacharias,Shadfourth,zshadfourth8k@sakura.ne.jp,Male,242.150.78.187
310,Elmira,Cannell,ecannell8l@github.com,Female,178.40.87.84
311,Kaela,Forster,kforster8m@sitemeter.com,Female,128.27.78.0
312,Twila,Ruslin,truslin8n@washingtonpost.com,Female,94.96.91.134
313,Marius,O'Shevlin,moshevlin8o@answers.com,Male,237.137.153.230
314,Diarmid,Ogbourne,dogbourne8p@tinypic.com,Male,246.214.173.159
315,Ferdie,Cluley,fcluley8q@slate.com,Male,40.79.84.215
316,Hastings,Beament,hbeament8r@technorati.com,Male,63.202.169.128
317,Fiona,Sture,fsture8s@wordpress.com,Female,226.112.233.48
318,Miof mela,McGreary,mmcgreary8t@fastcompany.com,Female,38.107.47.160
319,Dorian,Scolli,dscolli8u@trellian.com,Male,91.46.146.107
320,Elwood,Herrieven,eherrieven8v@aol.com,Male,121.170.34.134
321,Jody,Lomis,jlomis8w@google.es,Male,243.191.184.236
322,Gloriana,Crann,gcrann8x@abc.net.au,Female,26.89.146.68
323,Artair,Greves,agreves8y@ucoz.ru,Male,146.249.49.141
324,Elli,Cresswell,ecresswell8z@google.de,Female,49.142.139.111
325,Lark,Kenway,lkenway90@dyndns.org,Female,180.77.167.51
326,Fernanda,Feathers,ffeathers91@booking.com,Bigender,224.63.102.226
327,Gris,MacGruer,gmacgruer92@squarespace.com,Male,70.103.146.69
328,Phil,Filippazzo,pfilippazzo93@cnn.com,Male,6.105.228.97
329,Casi,Pinyon,cpinyon94@bigcartel.com,Female,10.99.84.170
330,Fulvia,Shenton,fshenton95@cnn.com,Female,222.52.205.196
331,Eilis,Babbe,ebabbe96@harvard.edu,Female,154.121.190.160
332,Bethany,Gainsborough,bgainsborough97@ftc.gov,Female,76.99.116.251
333,Mandi,Brisard,mbrisard98@comsenz.com,Genderqueer,156.157.106.172
334,Derek,Knowling,dknowling99@phoca.cz,Male,15.237.111.156
335,Trent,Vine,tvine9a@google.com.br,Male,206.120.89.105
336,Ulrikaumeko,Stenner,ustenner9b@craigslist.org,Genderfluid,86.42.19.84
337,Glenine,Friett,gfriett9c@foxnews.com,Female,226.136.192.181
338,Trip,Warham,twarham9d@cam.ac.uk,Male,191.63.250.37
339,Mable,Edmundson,medmundson9e@pbs.org,Female,25.85.95.49
340,Gae,Galgey,ggalgey9f@clickbank.net,Female,182.95.224.91
341,Arte,Savege,asavege9g@com.com,Bigender,49.156.8.131
342,Hewe,Blasi,hblasi9h@washington.edu,Male,212.112.222.62
343,Rani,Tossell,rtossell9i@elpais.com,Female,68.38.65.81
344,Philippe,Olivetti,polivetti9j@google.pl,Female,196.164.105.150
345,Amargo,Braunes,abraunes9k@geocities.jp,Female,148.142.59.176
346,Cristy,Asey,casey9l@thetimes.co.uk,Female,190.201.102.35
347,Alanna,Guynemer,aguynemer9m@flavors.me,Female,194.253.211.183
348,Cad,Cristofvao,ccristofvao9n@usatoday.com,Male,4.47.83.253
349,Britt,Dohmer,bdohmer9o@diigo.com,Male,1.113.175.89
350,Selie,Chasmoor,schasmoor9p@cdbaby.com,Female,99.219.38.95
351,Kathryn,Giovannacc@i,kgiovannacci9q@moonfruit.com,Female,106.7.27.118
352,Gael,Cassells,gcassells9r@tripadvisor.com,Bigender,103.56.105.77
353,Hurleigh,Leynagh,hleynagh9s@msn.com,Male,89.231.251.173
354,Oswald,Doumic,odoumic9t@rakuten.co.jp,Male,113.16.122.199
355,Frances,Tander,ftander9u@wiley.com,Female,50.23.235.120
356,Monte,Kitchingman,mkitchingman9v@webs.com,Male,128.89.231.119
357,Flossie,Caldeiro,fcaldeiro9w@amazonaws.com,Female,93.79.47.98
358,Sergeant,Frye,sfrye9x@europa.eu,Male,210.78.218.105
359,Hertha,Childes,hchildes9y@ucoz.ru,Female,209.50.237.17
360,Sonya,Bayston,sbayston9z@1688.com,Female,20.185.96.190
361,Dorolisa,Perrin,dperrina0@netscape.com,Female,108.1.147.123
362,Bernete,Barnewelle,bbarnewellea1@cbsnews.com,Female,251.186.46.129
363,Randy,Ajean,rajeana2@squarespace.com,Female,214.164.19.178
364,Emeline,Harroll,eharrolla3@pcworld.com,Female,188.88.243.249
365,Joscelin,Alonso,jalonsoa4@nationalgeographic.com,Female,198.241.120.82
366,Pippo,Verdy,pverdya5@uiuc.edu,Male,201.61.160.28
367,Kit,Scotcher,kscotchera6@wordpress.org,Male,239.182.255.44
368,Blane,McIlvaney,bmcilvaneya7@bizjournals.com,Male,166.153.76.166
369,Maje,Trudgian,mtrudgiana8@blogspot.com,Male,90.64.78.255
370,Jenni,Peabody,jpeabodya9@unicef.org,Female,81.134.76.37
371,Yolane,Fairhead,yfairheadaa@timesonline.co.uk,Female,243.163.111.248
372,Cord,McAtamney,cmcatamneyab@devhub.com,Non-binary,99.23.167.69
373,Collete,Franzman,cfranzmanac@networksolutions.com,Female,10.220.240.255
374,Austin,Radnage,aradnagead@globo.com,Female,216.21.71.114
375,Edita,Aiston,eaistonae@illinois.edu,Female,92.212.110.249
376,Bail,Rickerby,brickerbyaf@google.es,Male,163.11.47.73
377,Winnie,Seres,wseresag@ustream.tv,Female,202.130.49.191
378,Sue,Bramwich,sbramwichah@imageshack.us,Female,213.207.89.35
379,Jeni,Drife,jdrifeai@usda.gov,Female,193.153.86.208
380,Kleon,Erskin,kerskinaj@wp.com,Male,219.199.229.167
381,Francesca,Engledow,fengledowak@sohu.com,Non-binary,151.141.43.59
382,Wilek,Booker,wbookeral@adobe.com,Male,127.64.43.94
383,Farlay,Greenwood,fgreenwoodam@php.net,Male,70.42.17.26
384,Rori,Keith,rkeithan@lycos.com,Female,31.6.150.9
385,Ansley,Poate,apoateao@over-blog.com,Female,175.209.222.120
386,Margalit,Kluger,mklugerap@a8.net,Female,85.7.247.157
387,Auberta,Duns,adunsaq@netlog.com,Female,86.28.25.20
388,Melitta,Goncalo,mgoncaloar@soundcloud.com,Female,144.143.111.169
389,Stacy,Blagburn,sblagburnas@sakura.ne.jp,Female,119.78.47.156
390,Latrina,Vauls,lvaulsat@yellowbook.com,Female,247.174.8.162
391,Forester,Manchett,fmanchettau@netscape.com,Male,247.181.91.32
392,Fair,McIlwreath,fmcilwreathav@360.cn,Male,58.153.0.25
393,Judye,Paolacci,jpaolacciaw@w3.org,Female,123.189.96.48
394,Edik,Rubartelli,erubartelliax@imageshack.us,Male,157.28.199.222
395,Darren,Kleinschmidt,dkleinschmidtay@cbslocal.com,Male,71.42.208.146
396,Galven,Peniello,gpenielloaz@slashdot.org,Male,61.169.36.1
397,Gerti,Tarte,gtarteb0@histats.com,Female,46.107.122.12
398,Marilin,Carlesi,mcarlesib1@msn.com,Female,156.160.136.13
399,Anastasia,Fittes,afittesb2@webs.com,Bigender,200.79.225.121
400,Jeramie,Deegan,jdeeganb3@amazon.co.uk,Male,156.76.103.79
401,Filippa,Boddis,fboddisb4@symantec.com,Female,213.210.211.34
402,Talbot,Richold,tricholdb5@ovh.net,Male,220.139.103.49
403,Emmanuel,Fullwood,efullwoodb6@sina.com.cn,Male,93.236.74.34
404,Dorry,Learmount,dlearmountb7@mozilla.org,Female,243.207.68.166
405,Mariana,Spowart,mspowartb8@deliciousdays.com,Female,82.157.133.166
406,Rosamond,Shorie,rshorieb9@squarespace.com,Female,135.77.227.76
407,Hogan,Daskiewicz,hdaskiewiczba@howstuffworks.com,Male,149.60.125.10
408,Vanni,Doolan,vdoolanbb@toplist.cz,Female,30.79.198.34
409,Page,Grimsditch,pgrimsditchbc@goodreads.com,Female,105.105.250.192
410,Shurlock,Sainte Paul,ssaintepaulbd@disqus.com,Male,156.198.47.248
411,Ira,Cakebread,icakebreadbe@soup.io,Male,108.130.243.238
412,Hanan,Taphouse,htaphousebf@geocities.com,Male,87.167.153.7
413,Mordy,Vergine,mverginebg@usatoday.com,Male,232.105.96.82
414,Rogers,Rayhill,rrayhillbh@epa.gov,Male,235.121.187.110
415,Tommie,Kaygill,tkaygillbi@dailymail.co.uk,Male,159.114.30.195
416,Ambrose,Chrismas,achrismasbj@themeforest.net,Male,142.215.1.87
417,Guglielmo,O'Bradane,gobradanebk@ifeng.com,Male,255.81.227.112
418,Herve,Toller,htollerbl@bigcartel.com,Male,129.156.4.127
419,Kittie,Frushard,kfrushardbm@goo.gl,Female,145.143.12.241
420,Benny,Krysztowczyk,bkrysztowczykbn@eventbrite.com,Male,120.74.21.41
421,Jennine,Whitebrook,jwhitebrookbo@columbia.edu,Female,82.39.90.157
422,Rene,Drought,rdroughtbp@pen.io,Male,229.51.83.233
423,Debbie,Ferrini,dferrinibq@imgur.com,Female,123.63.207.106
424,Darb,Yegorev,dyegorevbr@cnn.com,Female,48.78.66.17
425,Jolynn,Giacubbo,jgiacubbobs@nasa.gov,Female,23.245.39.239
426,Krisha,Grishanov,kgrishanovbt@addtoany.com,Male,87.14.89.37
427,Findlay,Braker,fbrakerbu@archive.org,Male,121.60.248.79
428,Townsend,Edmondson,tedmondsonbv@lulu.com,Male,171.64.85.167
429,Mariquilla,Mallabone,mmallabonebw@marriott.com,Female,11.132.45.89
430,Oran,Bye,obyebx@answers.com,Male,58.14.17.7
431,Jemimah,Brenston,jbrenstonby@bizjournals.com,Female,58.93.27.248
432,Gay,Hainge,ghaingebz@tripod.com,Genderqueer,5.244.131.12
433,Zerk,Vannini,zvanninic0@yelp.com,Male,141.55.45.2
434,Elnore,Medley,emedleyc1@xinhuanet.com,Female,99.240.130.18
435,Fabiano,Garbert,fgarbertc2@youku.com,Male,229.13.255.51
436,Doug,Riach,driachc3@state.tx.us,Male,68.95.1.57
437,Rollie,Spurway,rspurwayc4@opensource.org,Male,128.133.74.0
438,Kerwin,Cranna,kcrannac5@umich.edu,Male,111.184.210.81
439,Herby,Shoubridge,hshoubridgec6@buzzfeed.com,Male,203.111.209.203
440,Carin,Ramsdale,cramsdalec7@youtu.be,Female,58.51.29.27
441,Chet,Volk,cvolkc8@cyberchimps.com,Male,53.134.231.223
442,Joyan,Tabary,jtabaryc9@ed.gov,Female,158.194.43.217
443,Raleigh,Annott,rannottca@webnode.com,Male,135.187.199.152
444,Willi,Balshen,wbalshencb@newsvine.com,Agender,110.63.118.15
445,Garnette,Stacey,gstaceycc@pen.io,Female,140.86.250.59
446,Adeline,Mangeney,amangeneycd@va.gov,Female,220.212.115.250
447,Port,Leadbitter,pleadbitterce@prweb.com,Male,172.108.149.9
448,Maire,Haycraft,mhaycraftcf@discuz.net,Female,166.154.140.254
449,Priscilla,Maddock,pmaddockcg@cafepress.com,Female,110.9.178.172
450,Nicoli,Tyrrell,ntyrrellch@tripod.com,Female,34.11.114.248
451,Karim,Bosher,kbosherci@wikimedia.org,Male,127.120.221.188
452,Jacobo,Tookill,jtookillcj@blog.com,Male,123.185.213.98
453,Donna,Turle,dturleck@biblegateway.com,Female,205.246.117.162
454,Cyrillus,Knutsen,cknutsencl@epa.gov,Male,110.2.23.223
455,Caren,Signe,csignecm@virginia.edu,Female,22.165.247.212
456,Lynnet,Wigg,lwiggcn@uiuc.edu,Non-binary,108.103.123.174
457,Kiri,Sporner,kspornerco@whitehouse.gov,Female,242.67.216.163
458,Wendy,Berzins,wberzinscp@vistaprint.com,Female,57.116.68.4
459,Jeffie,Baudacci,jbaudaccicq@github.io,Male,131.3.144.106
460,Kain,MacCallister,kmaccallistercr@reverbnation.com,Male,133.46.21.34
461,Diandra,Cronin,dcronincs@51.la,Female,166.76.177.190
462,Cyrille,Collelton,ccolleltonct@discuz.net,Male,42.6.157.20
463,Quintin,Russ,qrusscu@reference.com,Male,27.69.140.33
464,Brandise,Joslow,bjoslowcv@cmu.edu,Female,176.213.244.221
465,Winthrop,Seymark,wseymarkcw@eepurl.com,Male,16.93.100.244
466,Sarine,Debow,sdebowcx@yale.edu,Female,206.105.249.36
467,Rory,Fairbeard,rfairbeardcy@washingtonpost.com,Agender,216.206.20.224
468,Clywd,Kidde,ckiddecz@timesonline.co.uk,Male,172.202.50.101
469,Vallie,Klessmann,vklessmannd0@intel.com,Female,118.187.71.25
470,Viola,Stairmand,vstairmandd1@ebay.com,Bigender,47.176.145.96
471,Rosetta,Domenc,rdomencd2@opensource.org,Female,211.156.178.66
472,Darci,Roome,droomed3@illinois.edu,Female,240.81.157.233
473,Timothy,Stirrup,tstirrupd4@ihg.com,Male,58.146.132.202
474,Orlan,MacGilmartin,omacgilmartind5@ifeng.com,Male,230.72.189.68
475,Rock,Swalteridge,rswalteridged6@reuters.com,Male,80.53.164.180
476,Alanah,Squier,asquierd7@businessinsider.com,Polygender,32.198.20.175
477,Payton,Snaddin,psnaddind8@google.com,Male,231.30.20.168
478,Spense,Lanphere,slanphered9@reuters.com,Male,253.157.222.210
479,Reynard,Littlepage,rlittlepageda@ehow.com,Male,189.116.64.220
480,Helen-elizabeth,Sousa,hsousadb@tamu.edu,Female,96.51.208.87
481,Lucine,Thebe,lthebedc@1688.com,Female,121.88.13.220
482,Lucky,Dive,ldivedd@comsenz.com,Female,89.245.212.175
483,Nathalia,Jenking,njenkingde@mashable.com,Female,174.243.120.52
484,Kerk,Hause,khausedf@whitehouse.gov,Male,86.213.18.205
485,Sigfrid,Privost,sprivostdg@answers.com,Male,248.27.108.252
486,Truman,Nerney,tnerneydh@over-blog.com,Male,164.17.141.69
487,Eberhard,Frarey,efrareydi@yahoo.com,Male,18.235.15.64
488,Brandyn,Synnott,bsynnottdj@amazon.co.uk,Male,192.37.217.71
489,Robina,Tille,rtilledk@symantec.com,Female,234.247.8.213
490,Car,Abel,cabeldl@deviantart.com,Male,6.221.6.101
491,Merry,Critchard,mcritcharddm@wikispaces.com,Male,136.185.73.201
492,Lauryn,Daldan,ldaldandn@list-manage.com,Female,200.247.32.47
493,Murray,Bigley,mbigleydo@forbes.com,Male,197.158.22.160
494,Elise,Ebenezer,eebenezerdp@example.com,Polygender,251.148.4.51
495,Ricky,Skittles,rskittlesdq@wikimedia.org,Male,91.0.164.218
496,Marius,McNickle,mmcnickledr@hud.gov,Male,169.219.196.238
497,Reyna,Barkess,rbarkessds@wunderground.com,Female,190.0.111.27
498,Erwin,Tiebe,etiebedt@java.com,Agender,203.210.27.58
499,Rodrigo,Petrillo,rpetrillodu@omniture.com,Male,78.217.223.4
500,Juliette,Gaspard,jgasparddv@globo.com,Female,254.59.12.196
501,Cassy,Boyle,cboyledw@unesco.org,Female,53.148.121.78
502,Alley,Cowthart,acowthartdx@craigslist.org,Male,221.198.105.188
503,Maximilien,Visick,mvisickdy@google.com.br,Male,245.175.70.21
504,Norbie,Mattam,nmattamdz@thetimes.co.uk,Male,213.31.47.74
505,Malchy,Goodin,mgoodine0@theguardian.com,Male,209.152.62.158
506,Rickie,Powland,rpowlande1@wordpress.org,Male,31.133.45.177
507,Chrissy,Stone,cstonee2@marriott.com,Female,104.129.6.235
508,Gloriane,Desquesnes,gdesquesnese3@smugmug.com,Female,44.199.83.162
509,Ber,Gallatly,bgallatlye4@google.fr,Male,246.201.111.233
510,Cynthia,Aizlewood,caizlewoode5@ifeng.com,Female,10.181.228.18
511,Lissy,Zarfati,lzarfatie6@webs.com,Female,50.5.64.228
512,Myer,Rosenberger,mrosenbergere7@ezinearticles.com,Male,215.9.145.56
513,Ardis,Tenman,atenmane8@storify.com,Female,141.141.229.147
514,Link,Grayer,lgrayere9@networksolutions.com,Male,29.171.179.149
515,Phillip,Menault,pmenaultea@theguardian.com,Male,115.157.132.181
516,Tammy,Broe,tbroeeb@usa.gov,Female,202.237.222.30
517,Ransom,Haffard,rhaffardec@studiopress.com,Male,235.144.249.99
518,Alford,Arent,aarented@sogou.com,Male,23.198.76.140
519,Chelsae,Downes,cdownesee@cnn.com,Female,142.122.118.187
520,Dotty,Nurcombe,dnurcombeef@de.vu,Female,71.50.139.103
521,Helen,Kettell,hkettelleg@google.pl,Female,223.10.103.202
522,Cassondra,Denyukin,cdenyukineh@lycos.com,Female,235.177.144.147
523,Che,Evennett,cevennettei@domainmarket.com,Male,182.61.157.213
524,Griff,McPhilemy,gmcphilemyej@home.pl,Male,2.183.234.1
525,Auria,Ellif,aellifek@gravatar.com,Female,126.230.210.4
526,Freida,Flindall,fflindallel@myspace.com,Female,229.67.39.98
527,Daffi,Jewer,djewerem@eventbrite.com,Female,54.199.101.48
528,Rivy,Leavey,rleaveyen@time.com,Female,149.106.217.163
529,Rogerio,Scalera,rscaleraeo@domainmarket.com,Male,41.120.100.80
530,Adrienne,Southwell,asouthwellep@unblog.fr,Female,47.242.128.234
531,Minne,Laurenson,mlaurensoneq@accuweather.com,Female,89.213.130.24
532,Karisa,Darque,kdarqueer@sfgate.com,Female,167.219.219.108
533,Dru,Pursey,dpurseyes@utexas.edu,Female,196.222.1.227
534,Gannon,Laboune,glabouneet@usatoday.com,Male,0.115.136.17
535,Jolyn,Gadie,jgadieeu@netlog.com,Female,210.127.106.246
536,Kial,Alflat,kalflatev@stanford.edu,Female,180.31.237.245
537,Carmela,Germann,cgermannew@cam.ac.uk,Female,198.17.155.220
538,Isaak,Dugan,iduganex@hc360.com,Male,62.183.6.192
539,Dunstan,Askew,daskewey@addthis.com,Male,226.166.96.24
540,Janaye,Osgardby,josgardbyez@mlb.com,Female,61.161.8.7
541,Aylmar,Heijnen,aheijnenf0@ezinearticles.com,Male,186.50.207.106
542,Vale,Reskelly,vreskellyf1@google.com.au,Female,29.100.119.0
543,Broderick,Band,bbandf2@businessinsider.com,Male,237.226.210.141
544,Cahra,Rohlf,crohlff3@surveymonkey.com,Polygender,247.132.142.107
545,Demetris,Caldayrou,dcaldayrouf4@google.ru,Female,231.146.59.192
546,Loren,Inkle,linklef5@unicef.org,Male,223.133.103.113
547,Delano,Scolland,dscollandf6@diigo.com,Male,125.46.131.97
548,Hyatt,Jeannesson,hjeannessonf7@imageshack.us,Male,207.36.37.102
549,Elmo,Spittles,espittlesf8@hexun.com,Male,133.43.220.55
550,Dulciana,Gymblett,dgymblettf9@rambler.ru,Female,8.36.75.76
551,Vannie,Howsego,vhowsegofa@bluehost.com,Non-binary,215.180.244.106
552,Daffie,Bende,dbendefb@netvibes.com,Female,155.48.192.221
553,Elane,Haldin,ehaldinfc@loc.gov,Female,173.28.204.232
554,Ahmad,Scolding,ascoldingfd@yellowpages.com,Male,163.80.170.47
555,Beatrix,Harnetty,bharnettyfe@nytimes.com,Non-binary,235.87.165.105
556,Granger,Korlat,gkorlatff@freewebs.com,Male,129.179.155.222
557,Bondie,Silman,bsilmanfg@buzzfeed.com,Bigender,69.148.144.55
558,Emelen,Mengo,emengofh@liveinternet.ru,Male,147.147.204.46
559,Tybalt,Sibylla,tsibyllafi@ycombinator.com,Male,214.1.44.101
560,Krystal,Sollom,ksollomfj@rakuten.co.jp,Female,218.94.100.64
561,Marve,Tretwell,mtretwellfk@springer.com,Male,162.240.59.251
562,Grata,Keyson,gkeysonfl@msu.edu,Female,42.37.78.248
563,Bernete,Beals,bbealsfm@state.gov,Female,3.69.198.71
564,Maximilien,Linskey,mlinskeyfn@statcounter.com,Male,136.0.118.13
565,Gus,Bushell,gbushellfo@constantcontact.com,Male,14.66.160.150
566,Leonerd,O'Cannan,locannanfp@independent.co.uk,Male,238.184.186.233
567,Fidelity,Isakovitch,fisakovitchfq@photobucket.com,Polygender,52.182.238.252
568,Immanuel,Tomczynski,itomczynskifr@buzzfeed.com,Male,86.177.93.1
569,Eldridge,Walkey,ewalkeyfs@tripod.com,Male,121.125.247.29
570,Myrilla,Brinsden,mbrinsdenft@cdc.gov,Female,164.199.161.211
571,Liana,Chapman,lchapmanfu@nhs.uk,Female,140.96.88.161
572,Jillene,Faustin,jfaustinfv@cocolog-nifty.com,Female,18.48.130.52
573,Darda,Stormes,dstormesfw@merriam-webster.com,Female,93.61.253.4
574,Brodie,Dunsleve,bdunslevefx@guardian.co.uk,Male,64.92.80.46
575,Virginia,Klemt,vklemtfy@twitpic.com,Female,144.197.183.190
576,Weston,Hartas,whartasfz@4shared.com,Male,179.53.12.87
577,Chaddie,Cottom,ccottomg0@arstechnica.com,Male,165.231.105.0
578,Aluino,Antoniewicz,aantoniewiczg1@biblegateway.com,Male,144.30.145.101
579,Ewen,Jowers,ejowersg2@theguardian.com,Male,211.41.242.154
580,Verna,Renad,vrenadg3@plala.or.jp,Female,156.136.203.252
581,Aldridge,Camfield,acamfieldg4@trellian.com,Male,123.52.148.122
582,Corey,Duckerin,cduckering5@liveinternet.ru,Male,176.164.171.26
583,Alberto,Griffen,agriffeng6@amazon.co.jp,Male,121.111.70.211
584,Rosabelle,Fardy,rfardyg7@wikimedia.org,Female,106.197.214.200
585,Kyle,Bleackley,kbleackleyg8@buzzfeed.com,Male,73.189.27.143
586,Glen,Fleetham,gfleethamg9@blog.com,Male,70.251.65.145
587,Erena,Farrell,efarrellga@4shared.com,Female,58.7.143.193
588,Vasilis,Axon,vaxongb@nih.gov,Male,202.190.146.181
589,Verna,Mowat,vmowatgc@constantcontact.com,Female,212.85.179.138
590,Rurik,Deaconson,rdeaconsongd@ucsd.edu,Male,177.88.129.209
591,Elayne,Withrop,ewithropge@shinystat.com,Female,252.237.11.215
592,Eliza,Ridgeway,eridgewaygf@nymag.com,Female,241.21.235.103
593,Gene,O'Moylan,gomoylangg@google.co.uk,Male,11.36.46.58
594,Jade,Beauchop,jbeauchopgh@cloudflare.com,Female,162.123.202.79
595,Lenna,Caesmans,lcaesmansgi@networkadvertising.org,Female,17.111.107.228
596,Ulises,Bresland,ubreslandgj@forbes.com,Male,141.27.153.31
597,Franciska,Rouge,frougegk@friendfeed.com,Female,225.231.98.250
598,Hana,Stribbling,hstribblinggl@ehow.com,Female,128.2.48.225
599,Law,Robken,lrobkengm@ftc.gov,Male,79.201.202.180
600,Dedra,Cavilla,dcavillagn@istockphoto.com,Female,144.81.227.134
601,Alisun,Deble,adeblego@washington.edu,Female,74.29.155.62
602,Adrianna,Whyatt,awhyattgp@mayoclinic.com,Female,170.36.188.66
603,Guillaume,Westwick,gwestwickgq@gizmodo.com,Non-binary,56.24.156.116
604,Vick,Jenkison,vjenkisongr@lulu.com,Male,37.221.75.166
605,Giorgia,Robillard,grobillardgs@washington.edu,Female,51.192.138.175
606,Tabby,Gaunter,tgauntergt@nydailynews.com,Male,204.195.225.177
607,Paxton,Woodall,pwoodallgu@ft.com,Male,87.55.233.74
608,Chrissie,Niemetz,cniemetzgv@eepurl.com,Polygender,141.191.137.36
609,Lyssa,Hollingshead,lhollingsheadgw@nbcnews.com,Female,157.197.202.191
610,Rolland,Hemstead,rhemsteadgx@dailymotion.com,Male,106.170.105.114
611,Gerianne,Chamberlaine,gchamberlainegy@epa.gov,Female,84.210.213.233
612,Shurwood,Domoni,sdomonigz@wunderground.com,Male,9.242.5.171
613,Clarie,Gaynsford,cgaynsfordh0@vk.com,Female,230.209.128.99
614,Avrom,Hefforde,aheffordeh1@example.com,Male,127.133.18.178
615,Tracee,O' Borne,toborneh2@theglobeandmail.com,Female,100.228.165.50
616,Reynard,Stoeck,rstoeckh3@360.cn,Male,181.107.146.211
617,Kristos,Brocklebank,kbrocklebankh4@cpanel.net,Male,19.42.232.18
618,Merrilee,Perutto,mperuttoh5@webs.com,Female,156.198.164.140
619,Erminie,Catanheira,ecatanheirah6@blogspot.com,Female,232.192.139.60
620,Emmery,McLucas,emclucash7@bloglines.com,Male,237.58.95.14
621,Alexander,Harce,aharceh8@shutterfly.com,Male,168.159.231.120
622,Hana,Langdale,hlangdaleh9@unicef.org,Female,59.145.217.115
623,Conchita,De Freyne,cdefreyneha@archive.org,Female,37.78.48.37
624,Jere,Beel,jbeelhb@geocities.com,Male,104.47.143.197
625,Janka,Kasbye,jkasbyehc@techcrunch.com,Female,148.238.235.100
626,Ignace,Simeoli,isimeolihd@pcworld.com,Male,70.115.47.38
627,Devin,Sollon,dsollonhe@tripod.com,Female,113.106.157.149
628,Sutherlan,Capstick,scapstickhf@sciencedaily.com,Genderqueer,202.240.218.127
629,Archibald,Skoggings,askoggingshg@mac.com,Male,112.204.189.52
630,Jasen,Corrington,jcorringtonhh@is.gd,Male,175.174.33.9
631,Osborne,Elacoate,oelacoatehi@1und1.de,Male,133.219.60.176
632,Tyson,Bacon,tbaconhj@tiny.cc,Genderqueer,232.234.150.147
633,Kingsly,Dayne,kdaynehk@miitbeian.gov.cn,Male,229.117.174.13
634,Willey,Safe,wsafehl@51.la,Male,83.162.208.117
635,Reinhard,Piccop,rpiccophm@biglobe.ne.jp,Male,107.168.30.26
636,Read,Ducket,rduckethn@oakley.com,Male,65.242.45.203
637,Allyn,Ingilson,aingilsonho@webnode.com,Agender,95.7.55.197
638,Etti,Fitzsymons,efitzsymonshp@delicious.com,Female,211.222.180.217
639,Orv,Titherington,otitheringtonhq@constantcontact.com,Male,53.61.254.83
640,Early,Westall,ewestallhr@drupal.org,Male,31.10.124.236
641,Charyl,Heskin,cheskinhs@wisc.edu,Female,117.49.99.175
642,Ali,Garvagh,agarvaghht@thetimes.co.uk,Male,16.238.179.188
643,Jackqueline,MacLise,jmaclisehu@toplist.cz,Female,165.199.77.254
644,Tristan,Alelsandrowicz,talelsandrowiczhv@cpanel.net,Male,14.101.186.181
645,Vivi,Mereweather,vmereweatherhw@washington.edu,Female,94.42.154.211
646,Vyky,Nares,vnareshx@reference.com,Female,61.35.241.166
647,Wernher,Hitzke,whitzkehy@unesco.org,Male,198.199.57.14
648,Daryn,Matthesius,dmatthesiushz@pinterest.com,Female,18.35.46.30
649,Prescott,Leonida,pleonidai0@multiply.com,Male,63.106.47.130
650,Rodi,Tureville,rturevillei1@uiuc.edu,Female,141.128.94.183
651,Keely,Northrop,knorthropi2@sourceforge.net,Agender,12.172.100.142
652,Cornall,Ubsdell,cubsdelli3@netscape.com,Male,201.95.134.15
653,Larissa,Miliffe,lmiliffei4@shareasale.com,Female,169.130.133.244
654,Merna,Botte,mbottei5@wisc.edu,Female,251.25.53.83
655,Pincus,Comello,pcomelloi6@time.com,Male,162.88.253.246
656,Samuel,Oxenden,soxendeni7@infoseek.co.jp,Male,89.146.200.9
657,Devonna,Gellett,dgelletti8@sphinn.com,Female,220.120.42.74
658,Sloan,Aitchison,saitchisoni9@newyorker.com,Male,151.0.220.187
659,Simmonds,Gilbanks,sgilbanksia@g.co,Male,204.33.151.4
660,Donnie,Fass,dfassib@flickr.com,Male,206.73.235.159
661,Bel,Piercey,bpierceyic@alexa.com,Female,220.142.8.171
662,Merralee,Barcroft,mbarcroftid@desdev.cn,Female,88.151.255.73
663,Mata,O'Monahan,momonahanie@trellian.com,Male,134.156.201.131
664,Lola,Eadie,leadieif@imgur.com,Female,188.182.73.82
665,Ebony,Sealy,esealyig@intel.com,Female,81.152.111.43
666,Pia,Amer,pamerih@mail.ru,Female,44.105.89.190
667,Agna,Greenig,agreenigii@liveinternet.ru,Polygender,202.77.156.169
668,Phylis,D'Orsay,pdorsayij@miitbeian.gov.cn,Female,244.191.33.193
669,Lotte,Shall,lshallik@yellowpages.com,Female,42.125.148.176
670,Sibyl,Osorio,sosorioil@statcounter.com,Female,192.183.234.68
671,Trent,Carruthers,tcarruthersim@furl.net,Male,25.231.225.105
672,Leeann,Rowlstone,lrowlstonein@psu.edu,Female,185.54.161.188
673,Dorry,Haps,dhapsio@dmoz.org,Female,240.229.15.75
674,Bettina,Martinez,bmartinezip@wordpress.org,Bigender,90.236.52.228
675,Arel,Robbins,arobbinsiq@marketwatch.com,Male,125.44.193.175
676,Abdul,Peattie,apeattieir@google.pl,Genderqueer,77.220.104.253
677,Lew,Lerway,llerwayis@mac.com,Male,135.143.79.161
678,Neall,Ceeley,nceeleyit@china.com.cn,Male,67.211.175.83
679,My,Oldroyd,moldroydiu@youtube.com,Male,41.15.132.203
680,Corabella,Lohoar,clohoariv@amazon.co.uk,Female,57.77.149.96
681,Ulrika,Firby,ufirbyiw@wsj.com,Female,234.165.240.141
682,Barbabas,Ganing,bganingix@unicef.org,Male,146.119.73.34
683,Del,Dagg,ddaggiy@cdc.gov,Male,221.253.123.163
684,Phylis,Wasielewicz,pwasielewicziz@msn.com,Female,22.140.231.61
685,Avivah,Foy,afoyj0@bizjournals.com,Female,153.252.45.83
686,Betta,Catt,bcattj1@cdc.gov,Female,225.53.195.127
687,Bianca,Senner,bsennerj2@hexun.com,Female,255.206.87.77
688,Carline,Kleinsmuntz,ckleinsmuntzj3@buzzfeed.com,Female,255.97.165.107
689,Eadith,Wilacot,ewilacotj4@xing.com,Agender,210.47.154.201
690,Aviva,Maykin,amaykinj5@rambler.ru,Female,116.113.121.226
691,Hedda,Hawkeswood,hhawkeswoodj6@census.gov,Female,79.0.81.64
692,Rosanna,Keble,rkeblej7@chron.com,Genderfluid,32.199.103.149
693,Roanna,Kach,rkachj8@bandcamp.com,Female,36.130.145.150
694,Julius,Poker,jpokerj9@npr.org,Male,168.125.246.31
695,Ginger,Burnhard,gburnhardja@altervista.org,Male,54.211.72.76
696,Hestia,Plaid,hplaidjb@buzzfeed.com,Female,225.167.7.185
697,Shelton,Rowlson,srowlsonjc@digg.com,Male,150.239.147.195
698,Lavinie,Imlen,limlenjd@slashdot.org,Female,83.248.84.236
699,Twila,Greenroyd,tgreenroydje@usatoday.com,Female,63.0.105.193
700,Ingaberg,Montier,imontierjf@tumblr.com,Female,165.184.247.244
701,Roley,Lamden,rlamdenjg@mashable.com,Male,162.152.71.2
702,Dorolisa,Dailly,ddaillyjh@apache.org,Female,56.3.112.233
703,Dodie,Passby,dpassbyji@alexa.com,Female,124.151.55.224
704,Ewan,Bouldon,ebouldonjj@pbs.org,Male,160.235.126.66
705,Storm,Dionisetto,sdionisettojk@loc.gov,Female,189.43.212.105
706,Fletch,O'Toole,fotoolejl@yolasite.com,Male,131.82.246.50
707,Corbett,Kingsnode,ckingsnodejm@fastcompany.com,Male,169.56.134.129
708,Lanny,Paul,lpauljn@ucoz.ru,Female,82.7.59.169
709,Alon,Murcott,amurcottjo@hatena.ne.jp,Male,98.59.167.111
710,Vivyanne,Budleigh,vbudleighjp@smh.com.au,Female,21.235.139.205
711,Emelyne,Ridsdell,eridsdelljq@independent.co.uk,Female,155.146.126.139
712,Austin,Polkinhorn,apolkinhornjr@weebly.com,Male,189.84.230.139
713,Patty,Dufour,pdufourjs@merriam-webster.com,Male,205.14.237.101
714,Linet,Piel,lpieljt@last.fm,Female,126.239.183.194
715,Jessalin,Newsham,jnewshamju@usatoday.com,Female,2.127.16.114
716,Lev,Morris,lmorrisjv@nba.com,Male,131.32.212.124
717,Gladys,Flewett,gflewettjw@sphinn.com,Female,195.44.144.5
718,Thacher,Fumagalli,tfumagallijx@bloglines.com,Male,219.92.38.38
719,Sophie,Pollastrino,spollastrinojy@usa.gov,Female,32.41.250.0
720,Eartha,Nieass,enieassjz@homestead.com,Female,5.151.198.236
721,Bernhard,Jancik,bjancikk0@nbcnews.com,Male,117.201.145.157
722,Danny,Bellham,dbellhamk1@mit.edu,Male,24.174.195.116
723,Chantal,Bull,cbullk2@ca.gov,Female,90.52.5.120
724,Wye,Spawton,wspawtonk3@examiner.com,Male,71.191.80.217
725,Joe,Dallow,jdallowk4@youtube.com,Male,120.30.80.20
726,Olivia,Owens,oowensk5@tripadvisor.com,Female,163.20.99.163
727,Vladamir,Henken,vhenkenk6@istockphoto.com,Genderfluid,151.30.19.92
728,Ludovico,Bucknall,lbucknallk7@surveymonkey.com,Male,115.128.150.158
729,Judas,Snoddy,jsnoddyk8@godaddy.com,Male,31.87.132.77
730,Gabriele,Barkshire,gbarkshirek9@technorati.com,Male,165.184.234.116
731,Jillayne,Meredyth,jmeredythka@noaa.gov,Female,230.197.213.146
732,Virgie,Hoofe,vhoofekb@exblog.jp,Male,14.37.220.197
733,Stafford,Sterre,ssterrekc@imageshack.us,Male,21.114.139.211
734,Kori,Airth,kairthkd@vistaprint.com,Female,156.152.136.221
735,Waylan,Cleatherow,wcleatherowke@lycos.com,Male,118.25.183.150
736,Nilson,Carp,ncarpkf@seesaa.net,Male,48.216.210.64
737,Lon,Nern,lnernkg@domainmarket.com,Male,99.197.75.180
738,Cal,Heister,cheisterkh@soup.io,Male,175.72.212.15
739,Valma,Wortman,vwortmanki@ycombinator.com,Female,0.24.234.195
740,Stevana,Redgrove,sredgrovekj@nbcnews.com,Genderfluid,243.14.252.191
741,Lorrie,Ranklin,lranklinkk@yellowbook.com,Female,97.78.108.19
742,Min,Skynner,mskynnerkl@virginia.edu,Female,196.133.249.71
743,Killy,Wilcott,kwilcottkm@buzzfeed.com,Male,214.140.243.151
744,Meyer,Sawood,msawoodkn@imageshack.us,Male,140.180.215.175
745,Lynelle,Cruikshanks,lcruikshanksko@kickstarter.com,Female,118.94.55.20
746,Virgil,Dunrige,vdunrigekp@ucsd.edu,Male,88.28.46.191
747,Celestia,Lowndsborough,clowndsboroughkq@addtoany.com,Female,173.168.14.253
748,Leonore,Spinke,lspinkekr@illinois.edu,Female,79.188.205.22
749,Vance,Oakenford,voakenfordks@pagesperso-orange.fr,Male,81.39.45.157
750,Shannan,Danit,sdanitkt@nbcnews.com,Male,8.51.187.112
751,Minda,Benedek,mbenedekku@blinklist.com,Bigender,32.7.218.76
752,Loree,Caveney,lcaveneykv@google.co.uk,Female,221.58.54.151
753,Ignaz,Rentilll,irentilllkw@github.io,Male,200.210.114.31
754,Lock,Haggett,lhaggettkx@symantec.com,Male,87.46.53.102
755,Pierrette,Aveyard,paveyardky@bbb.org,Female,232.132.61.94
756,Kleon,Robardet,krobardetkz@discuz.net,Male,39.99.177.75
757,Georgetta,O' Culligan,goculliganl0@amazonaws.com,Female,228.51.80.255
758,Roosevelt,Waylen,rwaylenl1@accuweather.com,Genderqueer,206.165.72.13
759,Ermin,Marshall,emarshalll2@hud.gov,Male,187.97.154.83
760,Jamil,Axon,jaxonl3@sogou.com,Male,231.184.65.211
761,Zia,Jencken,zjenckenl4@yahoo.co.jp,Female,74.228.65.165
762,Freddie,Cater,fcaterl5@arizona.edu,Female,157.90.31.212
763,Sinclare,Dewan,sdewanl6@cloudflare.com,Male,135.231.107.20
764,Lazare,Beckworth,lbeckworthl7@jigsy.com,Non-binary,86.171.151.32
765,Gayle,Seear,gseearl8@over-blog.com,Male,220.168.201.133
766,Heindrick,Bains,hbainsl9@bluehost.com,Male,142.60.110.87
767,Hilliary,Hrinchenko,hhrinchenkola@ifeng.com,Female,96.89.31.166
768,Alyse,Rushton,arushtonlb@gravatar.com,Female,215.230.3.165
769,Frannie,Dowtry,fdowtrylc@telegraph.co.uk,Male,44.82.23.160
770,Selle,Remmer,sremmerld@google.pl,Female,25.243.142.188
771,Karola,Gilhooley,kgilhooleyle@tripod.com,Female,238.35.36.199
772,Allene,Wimes,awimeslf@intel.com,Female,7.228.88.69
773,Margaretta,Denisard,mdenisardlg@ycombinator.com,Female,16.177.230.233
774,Madella,Hevner,mhevnerlh@comsenz.com,Female,23.207.131.47
775,Alena,Kewish,akewishli@ucoz.ru,Female,231.73.227.102
776,Timmie,Cheshire,tcheshirelj@salon.com,Male,32.175.210.213
777,Barris,Sempill,bsempilllk@i2i.jp,Male,135.217.40.146
778,Euphemia,Coopey,ecoopeyll@indiegogo.com,Female,213.235.12.52
779,Kevina,Kapelhof,kkapelhoflm@tmall.com,Female,217.65.48.72
780,Kiele,Sedgeworth,ksedgeworthln@google.com.hk,Female,53.220.58.15
781,Thomasine,Longridge,tlongridgelo@chronoengine.com,Female,156.34.201.89
782,Tye,Bohl,tbohllp@skyrock.com,Male,219.31.166.117
783,Hadlee,McKeggie,hmckeggielq@yelp.com,Male,88.237.26.85
784,Gaylene,Cholerton,gcholertonlr@unicef.org,Female,14.35.158.45
785,Clywd,Ratazzi,cratazzils@google.ca,Male,190.159.49.1
786,Tootsie,Imort,timortlt@goo.gl,Female,74.160.103.170
787,Arleen,Caller,acallerlu@irs.gov,Female,168.67.103.54
788,Frederich,Ikringill,fikringilllv@bloglovin.com,Male,67.14.11.171
789,Nealy,Cowherd,ncowherdlw@livejournal.com,Male,119.172.112.30
790,Franni,Besnardeau,fbesnardeaulx@webs.com,Female,121.111.21.130
791,Rudolf,Budibent,rbudibently@g.co,Male,178.9.77.54
792,Dorthea,Bakeup,dbakeuplz@bizjournals.com,Female,129.227.141.121
793,Artemis,Maior,amaiorm0@whitehouse.gov,Male,93.76.252.63
794,Pansie,Sheeran,psheeranm1@so-net.ne.jp,Female,0.1.206.94
795,Roosevelt,Barnewille,rbarnewillem2@arizona.edu,Male,122.210.249.87
796,Henka,Daenen,hdaenenm3@ed.gov,Female,219.222.42.142
797,Brooke,Rains,brainsm4@state.tx.us,Male,39.205.211.50
798,Barr,Maillard,bmaillardm5@boston.com,Male,146.110.234.88
799,Buiron,Lunck,blunckm6@sitemeter.com,Male,184.116.71.204
800,Minnie,Hans,mhansm7@stanford.edu,Female,38.146.165.151
801,Mitchel,Spare,msparem8@flickr.com,Male,95.3.56.148
802,Nickolaus,Bromehed,nbromehedm9@marriott.com,Male,24.157.126.44
803,Brooks,Javes,bjavesma@netvibes.com,Female,176.207.25.19
804,Fidelity,Tremellan,ftremellanmb@netlog.com,Female,102.2.64.2
805,Mei,Calbrathe,mcalbrathemc@friendfeed.com,Non-binary,237.159.11.84
806,Annabelle,Valti,avaltimd@yahoo.com,Female,170.14.203.207
807,Tillie,Sporner,tspornerme@reverbnation.com,Female,148.48.132.73
808,Isahella,Mordy,imordymf@vk.com,Female,161.219.100.216
809,Perrine,Leming,plemingmg@kickstarter.com,Female,153.199.62.246
810,Ariel,Glanester,aglanestermh@tamu.edu,Male,2.181.210.44
811,Arnoldo,Magwood,amagwoodmi@xrea.com,Male,39.95.71.202
812,Garret,Wanne,gwannemj@tiny.cc,Male,84.18.254.228
813,Tannie,Marwood,tmarwoodmk@ocn.ne.jp,Male,14.127.200.127
814,Tremayne,Dryden,tdrydenml@reuters.com,Male,106.129.89.196
815,Margie,Matteoni,mmatteonimm@auda.org.au,Female,199.29.90.230
816,Jessamyn,Rhead,jrheadmn@arstechnica.com,Female,255.173.36.81
817,Mabel,Giacobini,mgiacobinimo@xing.com,Female,0.123.122.8
818,Zandra,Donavan,zdonavanmp@ucsd.edu,Female,79.152.254.184
819,Cleon,Mauvin,cmauvinmq@bbb.org,Male,145.17.138.114
820,Deborah,Bunyard,dbunyardmr@guardian.co.uk,Female,0.14.192.9
821,Gertie,Hakeworth,ghakeworthms@sakura.ne.jp,Female,53.101.178.27
822,Melania,Brewse,mbrewsemt@nsw.gov.au,Female,154.101.139.101
823,Cornelle,Clitheroe,cclitheroemu@shinystat.com,Female,0.144.52.186
824,Erda,Sommerland,esommerlandmv@nasa.gov,Female,110.84.83.241
825,Maybelle,Beardsworth,mbeardsworthmw@topsy.com,Female,3.80.102.27
826,Grissel,O'Loughlin,goloughlinmx@biblegateway.com,Female,192.96.129.189
827,Orelia,Mcasparan,omcasparanmy@accuweather.com,Genderfluid,174.60.139.174
828,Anselm,McRill,amcrillmz@narod.ru,Male,89.45.213.218
829,Arne,Terron,aterronn0@hc360.com,Male,226.202.224.251
830,Preston,Hurdle,phurdlen1@oakley.com,Male,29.19.115.172
831,Stewart,Siggens,ssiggensn2@berkeley.edu,Male,62.147.240.80
832,Francesco,Ventura,fventuran3@nyu.edu,Male,151.73.206.249
833,Bald,Fenkel,bfenkeln4@soundcloud.com,Male,61.252.7.103
834,Terry,Colthard,tcolthardn5@i2i.jp,Female,208.75.210.127
835,Kristan,Kloser,kklosern6@prnewswire.com,Female,67.116.145.184
836,Erhart,Goodings,egoodingsn7@blogtalkradio.com,Male,49.166.38.173
837,Percival,Vorley,pvorleyn8@mail.ru,Male,242.9.107.144
838,Alyda,Schermick,aschermickn9@gov.uk,Female,43.77.227.7
839,Marv,Kyme,mkymena@google.co.jp,Male,56.124.184.23
840,Hayley,Bartolomucci,hbartolomuccinb@biglobe.ne.jp,Female,119.120.68.49
841,Garret,Garfirth,ggarfirthnc@clickbank.net,Male,238.65.7.132
842,Gauthier,Iles,gilesnd@harvard.edu,Male,6.236.193.203
843,Corrina,Stoggles,cstogglesne@youtube.com,Female,217.113.147.174
844,Jodi,O'Heaney,joheaneynf@about.com,Male,40.171.130.10
845,Esther,Reasce,ereasceng@reddit.com,Female,134.12.46.111
846,Purcell,Mougenel,pmougenelnh@themeforest.net,Male,195.116.178.67
847,Jareb,Paulo,jpauloni@acquirethisname.com,Bigender,111.242.218.14
848,Christian,Sharplin,csharplinnj@angelfire.com,Agender,142.43.76.49
849,Waverly,O'dell,wodellnk@ftc.gov,Male,129.209.160.84
850,Stevana,Daveley,sdaveleynl@meetup.com,Genderqueer,49.163.204.252
851,Keslie,Jandl,kjandlnm@unicef.org,Female,100.23.171.8
852,Maia,Biset,mbisetnn@nps.gov,Female,169.170.224.229
853,Kerri,Kilborn,kkilbornno@moonfruit.com,Female,188.68.203.195
854,Jobyna,De Carlo,jdecarlonp@google.co.jp,Agender,58.145.11.56
855,Everett,Hierro,ehierronq@delicious.com,Male,64.123.188.175
856,Ingaberg,Camilletti,icamillettinr@topsy.com,Female,44.191.205.127
857,Raynard,Penrice,rpenricens@deliciousdays.com,Genderqueer,171.212.239.10
858,Jeramey,Elden,jeldennt@sakura.ne.jp,Male,216.232.36.240
859,Candace,Busek,cbuseknu@hexun.com,Female,36.170.20.204
860,Leonhard,Zaniolini,lzaniolininv@g.co,Male,65.225.142.93
861,Dagny,Cockrem,dcockremnw@engadget.com,Male,161.134.126.172
862,Kym,Hargrove,khargrovenx@123-reg.co.uk,Female,168.102.209.40
863,Fair,Pepler,fpeplerny@disqus.com,Male,208.141.165.68
864,Moyra,Geal,mgealnz@un.org,Female,196.122.59.119
865,Fulton,Jirasek,fjiraseko0@mac.com,Male,111.233.22.89
866,Teena,Burbudge,tburbudgeo1@spotify.com,Female,74.48.168.28
867,Ebba,Adel,eadelo2@wired.com,Female,233.236.146.45
868,Jo-ann,Ivannikov,jivannikovo3@last.fm,Female,191.20.16.62
869,Bob,Burgh,bburgho4@hp.com,Male,206.249.91.47
870,Shep,Shippard,sshippardo5@blogspot.com,Male,91.203.40.120
871,Fina,Casterou,fcasterouo6@domainmarket.com,Female,74.11.112.3
872,Isabella,Dowsing,idowsingo7@netvibes.com,Polygender,93.188.148.133
873,Stephanus,Fasey,sfaseyo8@java.com,Male,52.170.109.42
874,Kristel,Mitchelmore,kmitchelmoreo9@apple.com,Female,44.112.54.53
875,Farley,Ortsmann,fortsmannoa@microsoft.com,Male,128.99.247.125
876,Bone,Cholomin,bcholominob@geocities.jp,Male,255.248.12.109
877,Brena,Luetkemeyers,bluetkemeyersoc@wix.com,Female,56.46.160.77
878,Ellene,Keattch,ekeattchod@cornell.edu,Female,49.218.134.29
879,Dre,Slaymaker,dslaymakeroe@ycombinator.com,Female,139.11.160.66
880,Amelina,Spikings,aspikingsof@moonfruit.com,Female,213.216.199.63
881,Giacopo,Moysey,gmoyseyog@nymag.com,Male,27.208.78.167
882,Bary,Seivwright,bseivwrightoh@linkedin.com,Male,247.134.223.234
883,Hinze,Tinson,htinsonoi@jimdo.com,Male,189.211.202.51
884,Morley,Koppes,mkoppesoj@bigcartel.com,Male,105.10.2.20
885,Thorpe,Treadgall,ttreadgallok@163.com,Male,36.214.255.8
886,Zulema,Spencock,zspencockol@goodreads.com,Female,14.80.87.14
887,Tanitansy,Dilgarno,tdilgarnoom@hhs.gov,Female,36.80.104.151
888,Taite,Fronczak,tfronczakon@arstechnica.com,Agender,60.225.222.19
889,Sansone,Aspling,sasplingoo@scientificamerican.com,Male,214.164.19.109
890,Lincoln,Putt,lputtop@washingtonpost.com,Male,56.219.72.119
891,Anastasie,Blackah,ablackahoq@livejournal.com,Female,99.71.9.111
892,Jedd,Hollindale,jhollindaleor@scribd.com,Male,139.186.160.183
893,Barnaby,Gorsse,bgorsseos@symantec.com,Male,162.213.80.19
894,Greta,Tryme,gtrymeot@ted.com,Female,196.241.202.185
895,Brnaba,Rugiero,brugieroou@cnn.com,Male,233.0.202.142
896,Clerkclaude,Bessent,cbessentov@w3.org,Male,96.146.35.198
897,Stevie,Capron,scapronow@lulu.com,Male,198.219.117.44
898,Cash,MacCartair,cmaccartairox@nba.com,Male,125.218.171.114
899,Arleyne,Ludwig,aludwigoy@google.com,Female,26.26.225.99
900,Parke,Jambrozek,pjambrozekoz@prweb.com,Male,99.55.150.7
901,Estella,Headech,eheadechp0@wp.com,Female,87.79.110.28
902,Brodie,Woodroff,bwoodroffp1@addtoany.com,Male,178.94.24.40
903,Jayson,Vallis,jvallisp2@ed.gov,Male,138.56.44.162
904,Zsa zsa,Gerdes,zgerdesp3@sbwire.com,Female,238.242.17.164
905,Trip,Gohier,tgohierp4@linkedin.com,Male,106.192.77.1
906,Kevin,Chuney,kchuneyp5@flickr.com,Polygender,101.195.193.31
907,Gay,Wickie,gwickiep6@networksolutions.com,Female,121.79.24.164
908,Dominga,Donke,ddonkep7@java.com,Female,246.1.220.165
909,Pen,Currm,pcurrmp8@bravesites.com,Agender,38.124.130.112
910,Carola,Litel,clitelp9@alibaba.com,Female,101.89.234.136
911,Meade,Cartmill,mcartmillpa@qq.com,Male,51.252.213.58
912,Gregorius,Pecha,gpechapb@domainmarket.com,Male,146.161.248.36
913,Christi,Warder,cwarderpc@ed.gov,Female,76.199.6.248
914,Loralee,Cowe,lcowepd@linkedin.com,Female,112.8.225.84
915,Sherlock,Peter,speterpe@delicious.com,Male,54.87.118.213
916,Jacintha,de Merida,jdemeridapf@senate.gov,Female,56.34.244.40
917,Tynan,Baily,tbailypg@reference.com,Male,221.231.157.64
918,Shepherd,Lambdean,slambdeanph@ask.com,Male,142.35.30.64
919,Lindi,Richardt,lrichardtpi@wix.com,Female,72.255.144.63
920,Akim,Terrazzo,aterrazzopj@bigcartel.com,Male,62.105.130.80
921,Ferdie,Riggert,friggertpk@shop-pro.jp,Male,219.64.58.98
922,Selestina,Standish,sstandishpl@plala.or.jp,Agender,51.164.247.184
923,Hilliary,Grebert,hgrebertpm@ox.ac.uk,Genderqueer,142.22.148.155
924,Kordula,Weston,kwestonpn@devhub.com,Female,220.232.81.187
925,Franklyn,Frame,fframepo@buzzfeed.com,Agender,55.188.74.115
926,Linn,Trunby,ltrunbypp@tiny.cc,Female,206.142.69.187
927,Farra,Van Castele,fvancastelepq@biblegateway.com,Female,226.101.15.56
928,Daune,Mathwin,dmathwinpr@vistaprint.com,Genderfluid,219.243.147.156
929,Briano,Bouzek,bbouzekps@newsvine.com,Bigender,216.125.245.139
930,Brucie,Poynor,bpoynorpt@census.gov,Male,162.82.25.22
931,Blondell,Rowston,browstonpu@shop-pro.jp,Female,21.152.221.32
932,Dwight,Manford,dmanfordpv@aboutads.info,Male,230.109.227.159
933,Law,Hoys,lhoyspw@yolasite.com,Male,7.73.88.138
934,Westley,D'Antonio,wdantoniopx@dmoz.org,Male,216.68.157.103
935,Burch,Lawlie,blawliepy@simplemachines.org,Male,253.41.86.220
936,Roanna,Temblett,rtemblettpz@miibeian.gov.cn,Female,64.129.75.6
937,Aili,Boullin,aboullinq0@wikimedia.org,Female,45.37.89.0
938,Miquela,Gilardengo,mgilardengoq1@sciencedaily.com,Female,12.243.180.82
939,Dorelle,Merritt,dmerrittq2@amazon.co.jp,Female,62.86.184.225
940,Merrili,Bamlet,mbamletq3@psu.edu,Female,184.248.244.170
941,Adeline,Lindup,alindupq4@chronoengine.com,Female,189.0.14.39
942,Carlynn,Moneypenny,cmoneypennyq5@blogs.com,Female,245.7.58.32
943,Meggy,Attew,mattewq6@liveinternet.ru,Female,68.53.33.228
944,Hailee,Doucette,hdoucetteq7@umich.edu,Female,83.107.234.169
945,Deirdre,Mournian,dmournianq8@redcross.org,Female,56.212.75.235
946,Marti,Yoxall,myoxallq9@thetimes.co.uk,Female,207.32.135.227
947,Lewiss,Gonnel,lgonnelqa@bigcartel.com,Male,253.169.9.200
948,Manny,Bwy,mbwyqb@eventbrite.com,Male,202.19.231.113
949,Aylmer,Ibbitson,aibbitsonqc@msn.com,Male,204.240.120.166
950,Valaria,Sarrell,vsarrellqd@phpbb.com,Female,76.176.235.35
951,Ezri,O'Sheerin,eosheerinqe@vk.com,Male,75.175.128.90
952,Wyn,Petry,wpetryqf@ustream.tv,Male,111.91.179.247
953,Fabian,Fourman,ffourmanqg@dion.ne.jp,Genderfluid,129.186.152.84
954,Leonore,Perin,lperinqh@princeton.edu,Non-binary,47.83.10.209
955,Larry,Clinnick,lclinnickqi@github.com,Male,57.19.255.113
956,Michaela,MacGilfoyle,mmacgilfoyleqj@dropbox.com,Genderqueer,64.179.238.138
957,Adelaide,Ansett,aansettqk@ibm.com,Female,23.93.119.173
958,Alaster,Charlon,acharlonql@ox.ac.uk,Male,214.188.28.36
959,Brant,McGregor,bmcgregorqm@spotify.com,Male,42.201.217.24
960,Leila,Seavers,lseaversqn@fda.gov,Genderfluid,244.45.43.128
961,Eleanor,Wellsman,ewellsmanqo@microsoft.com,Female,247.188.201.221
962,Enrico,Bratchell,ebratchellqp@sun.com,Male,234.30.0.97
963,Audry,Gallacher,agallacherqq@mlb.com,Female,35.92.140.87
964,Artemis,Holtaway,aholtawayqr@t.co,Genderqueer,33.238.44.229
965,Margarita,de Werk,mdewerkqs@eventbrite.com,Female,5.248.46.132
966,Coleman,Dorow,cdorowqt@nytimes.com,Male,7.33.235.61
967,Charles,Duckinfield,cduckinfieldqu@histats.com,Male,103.182.171.2
968,Ulrikaumeko,Knightsbridge,uknightsbridgeqv@usa.gov,Polygender,97.96.116.236
969,Markus,Treadger,mtreadgerqw@wikia.com,Male,35.29.56.242
970,Merrili,Lusted,mlustedqx@icio.us,Female,121.191.105.175
971,Tait,Trewartha,ttrewarthaqy@amazonaws.com,Male,5.205.189.11
972,Lesly,MacGarrity,lmacgarrityqz@indiatimes.com,Genderfluid,125.66.232.87
973,Ag,Brogiotti,abrogiottir0@hugedomains.com,Female,238.152.173.34
974,Catherin,Mirrlees,cmirrleesr1@unicef.org,Female,21.96.221.73
975,Christoper,Lamblot,clamblotr2@tinypic.com,Polygender,146.187.81.74
976,Sky,Kisbey,skisbeyr3@blogger.com,Male,135.109.117.67
977,Alix,Grob,agrobr4@discovery.com,Male,171.147.127.24
978,Kylie,Gunter,kgunterr5@unicef.org,Male,204.16.213.59
979,Brittani,Cruickshank,bcruickshankr6@nasa.gov,Female,255.74.32.125
980,Rhody,Fullard,rfullardr7@hatena.ne.jp,Female,5.92.240.7
981,Missie,Benoi,mbenoir8@rediff.com,Female,167.15.48.173
982,Uriel,McDiarmid,umcdiarmidr9@columbia.edu,Male,198.157.209.252
983,Flo,O' Concannon,foconcannonra@trellian.com,Female,56.54.72.81
984,Nico,Neil,nneilrb@yellowbook.com,Male,87.104.217.26
985,Ewell,Sales,esalesrc@miibeian.gov.cn,Male,64.86.92.207
986,Jayne,Bethune,jbethunerd@nps.gov,Non-binary,211.38.1.245
987,Arlana,Melhuish,amelhuishre@posterous.com,Female,25.99.25.153
988,Pascal,Stobbs,pstobbsrf@istockphoto.com,Bigender,84.146.104.236
989,Maitilde,Bradburne,mbradburnerg@blog.com,Female,67.242.67.27
990,Rolph,Atwood,ratwoodrh@webnode.com,Male,209.78.95.99
991,Sarina,Kayne,skayneri@weebly.com,Female,145.105.72.156
992,Enid,Neaverson,eneaversonrj@economist.com,Female,180.43.172.131
993,Erna,Ridgers,eridgersrk@nhs.uk,Female,242.242.43.106
994,Antonia,Pedgrift,apedgriftrl@google.pl,Female,201.25.76.107
995,Hamnet,Birtle,hbirtlerm@pen.io,Male,181.135.162.253
996,Martie,Struther,mstrutherrn@bbc.co.uk,Genderfluid,222.241.121.224
997,Sigvard,Caro,scaroro@moonfruit.com,Male,170.240.189.126
998,Mahmoud,Boater,mboaterrp@free.fr,Male,198.86.106.207
999,Carlynn,Haskett,chaskettrq@weather.com,Female,46.172.23.246
1000,Maxy,Muncie,mmuncierr@patch.com,Female,46.227.54.67
